timestamp,class_name,url,status,reason,saved_path,Query,is_classified_correctly,move_to_class
1/05/2026 20:35,2-finger-heart,https://wimg.heraldcorp.com/content/default/2018/08/08/20180808000840_0.jpg,accepted,ok,C:\Users\suzuk\emblems\web_image_scraper\outputs\dataset_raw\2-finger-heart\2-finger-heart_b36c3d9a.jpg,korean finger heart kpop idol photo,TRUE,
1/05/2026 20:35,2-finger-heart,https://wimg.heraldcorp.com/content/default/2018/08/08/20180808000841_0.jpg,accepted,ok,C:\Users\suzuk\emblems\web_image_scraper\outputs\dataset_raw\2-finger-heart\2-finger-heart_6c5bbd33.jpg,korean finger heart kpop idol photo,TRUE,
1/05/2026 20:35,2-finger-heart,https://linguasia.com/wp-content/uploads/Linguasia-Korean-Finger-Hearts-by-K-pop-Idols.jpg,accepted,ok,C:\Users\suzuk\emblems\web_image_scraper\outputs\dataset_raw\2-finger-heart\2-finger-heart_a1f95ac4.jpg,korean finger heart kpop idol photo,FALSE,traditional-heart
1/05/2026 20:35,2-finger-heart,https://wimg.heraldcorp.com/content/default/2018/08/08/20180808000846_0.jpg,accepted,ok,C:\Users\suzuk\emblems\web_image_scraper\outputs\dataset_raw\2-finger-heart\2-finger-heart_2bec5a9f.jpg,korean finger heart kpop idol photo,TRUE,
1/05/2026 20:35,2-finger-heart,https://www.cathaypacific.com/content/dam/focal-point/cx/inspiration/2024/12/Why_Korean_finger_hearts_are_taking_the_world_by_storm-Korean_female_star-The_Chosunilbo_JNS-Gettyimages-5.renditionimage.600.900.jpg,accepted,ok,C:\Users\suzuk\emblems\web_image_scraper\outputs\dataset_raw\2-finger-heart\2-finger-heart_29f54ed6.jpg,korean finger heart kpop idol photo,FALSE,others
1/05/2026 20:35,2-finger-heart,https://linguasia.com/wp-content/uploads/Linguasia-Jisoo-Korean-finger-heart.jpg,accepted,ok,C:\Users\suzuk\emblems\web_image_scraper\outputs\dataset_raw\2-finger-heart\2-finger-heart_341ec244.jpg,korean finger heart kpop idol photo,TRUE,
1/05/2026 20:35,2-finger-heart,https://upload.wikimedia.org/wikipedia/commons/e/ea/Playback_%28South_Korea%29_member_with_finger_heart_in_2015.jpg,accepted,ok,C:\Users\suzuk\emblems\web_image_scraper\outputs\dataset_raw\2-finger-heart\2-finger-heart_52fade64.jpg,korean finger heart kpop idol photo,TRUE,
1/05/2026 20:35,2-finger-heart,https://linguasia.com/wp-content/uploads/Linguasia-An-Yu-jin-Korean-finger-heart-cat-version.jpg,accepted,ok,C:\Users\suzuk\emblems\web_image_scraper\outputs\dataset_raw\2-finger-heart\2-finger-heart_96d703f2.jpg,korean finger heart kpop idol photo,FALSE,traditional-heart
1/05/2026 20:35,2-finger-heart,https://www.cathaypacific.com/content/dam/focal-point/cx/inspiration/2024/12/Why_Korean_finger_hearts_are_taking_the_world_by_storm-Korean_male_star-The_Chosunilbo_JNS-Gettyimages-6.renditionimage.600.900.jpg,accepted,ok,C:\Users\suzuk\emblems\web_image_scraper\outputs\dataset_raw\2-finger-heart\2-finger-heart_076164b4.jpg,korean finger heart kpop idol photo,FALSE,others
1/05/2026 20:35,2-finger-heart,https://lookaside.instagram.com/seo/google_widget/crawler/?media_id=2728274059714510547,rejected,corrupt_or_unreadable_cannot identify image file 'C:\\Users\\s,,,,
1/05/2026 20:35,2-finger-heart,https://static01.nyt.com/images/2011/08/11/fashion/11NOTICED6/11NOTICED6-jumbo.jpg?quality=75&auto=webp&disable=upscale,accepted,ok,C:\Users\suzuk\emblems\web_image_scraper\outputs\dataset_raw\2-finger-heart\2-finger-heart_f3b5a83c.jpg,finger heart gesture celebrity event,FALSE,traditional-heart
1/05/2026 20:35,2-finger-heart,https://www.cathaypacific.com/content/dam/focal-point/cx/inspiration/2024/12/Why_Korean_finger_hearts_are_taking_the_world_by_storm-Avengers_Infinity_War_Cast-Han_Myung-Gu-Gettyimages-4.renditionimage.900.900.jpg,accepted,ok,C:\Users\suzuk\emblems\web_image_scraper\outputs\dataset_raw\2-finger-heart\2-finger-heart_34ca2146.jpg,finger heart gesture celebrity event,TRUE,
1/05/2026 20:35,2-finger-heart,https://i.guim.co.uk/img/media/2ae1f61fe3002a4f76d187a9219e0cefd35ce78a/0_146_3084_1850/master/3084.jpg?width=465&dpr=1&s=none&crop=none,accepted,ok,C:\Users\suzuk\emblems\web_image_scraper\outputs\dataset_raw\2-finger-heart\2-finger-heart_5a8f2c13.jpg,finger heart gesture celebrity event,FALSE,traditional-heart
1/05/2026 20:35,2-finger-heart,https://wimg.heraldcorp.com/content/default/2018/08/08/20180808000841_0.jpg,rejected,duplicate,,,,
1/05/2026 20:35,2-finger-heart,https://images.news18.com/ibnlive/uploads/2025/01/wp-image-2025-01-267433402f4e6ff6ba8292b20671a24f-16x9.jpg?impolicy=website&width=400&height=225,accepted,ok,C:\Users\suzuk\emblems\web_image_scraper\outputs\dataset_raw\2-finger-heart\2-finger-heart_00fcd4f7.jpg,finger heart gesture celebrity event,FALSE,traditional-heart
1/05/2026 20:35,2-finger-heart,"https://static.toiimg.com/thumb/imgsize-23456,msid-97984027,width-600,resizemode-4/taron-egerton-and-hugh-jackman-posed-with-finger-hearts-when-they-visited-korea.jpg",accepted,ok,C:\Users\suzuk\emblems\web_image_scraper\outputs\dataset_raw\2-finger-heart\2-finger-heart_cdfe8057.jpg,finger heart gesture celebrity event,TRUE,
1/05/2026 20:35,2-finger-heart,https://lookaside.instagram.com/seo/google_widget/crawler/?media_id=3764665037274340264,rejected,corrupt_or_unreadable_cannot identify image file 'C:\\Users\\s,,,,
1/05/2026 20:35,2-finger-heart,https://wimg.heraldcorp.com/content/default/2018/08/08/20180808000845_0.jpg,accepted,ok,C:\Users\suzuk\emblems\web_image_scraper\outputs\dataset_raw\2-finger-heart\2-finger-heart_17f94c3a.jpg,finger heart gesture celebrity event,TRUE,
1/05/2026 20:35,2-finger-heart,"https://static.toiimg.com/thumb/msid-97983697,imgsize-81578,width-400,resizemode-4/bts-with-us-president-joe-biden.jpg",accepted,ok,C:\Users\suzuk\emblems\web_image_scraper\outputs\dataset_raw\2-finger-heart\2-finger-heart_8c3954dd.jpg,finger heart gesture celebrity event,TRUE,
1/05/2026 20:36,2-finger-heart,https://pyxis.nymag.com/v1/imgs/697/39c/bf6738bb6beebc8cda1071a6796a1fa6b0-11-swifthandheart.rvertical.w330.jpg,accepted,ok,C:\Users\suzuk\emblems\web_image_scraper\outputs\dataset_raw\2-finger-heart\2-finger-heart_0934d989.jpg,finger heart gesture celebrity event,FALSE,traditional-heart
1/05/2026 20:36,2-finger-heart,https://i.pinimg.com/originals/4a/09/cb/4a09cb3d812ae82792452f514489afab.jpg,accepted,ok,C:\Users\suzuk\emblems\web_image_scraper\outputs\dataset_raw\2-finger-heart\2-finger-heart_645da725.jpg,finger heart sign human hand photo,TRUE,
1/05/2026 20:36,2-finger-heart,https://thumbs.dreamstime.com/b/hand-showing-korean-finger-heart-gesture-blue-sky-background-human-hand-showing-korean-finger-heart-gesture-against-402000559.jpg,accepted,ok,C:\Users\suzuk\emblems\web_image_scraper\outputs\dataset_raw\2-finger-heart\2-finger-heart_09d3edb3.jpg,finger heart sign human hand photo,TRUE,
1/05/2026 20:36,2-finger-heart,https://www.shutterstock.com/image-photo/closeup-human-hand-making-finger-260nw-2671986157.jpg,accepted,ok,C:\Users\suzuk\emblems\web_image_scraper\outputs\dataset_raw\2-finger-heart\2-finger-heart_d6674c78.jpg,finger heart sign human hand photo,TRUE,
1/05/2026 20:36,2-finger-heart,https://media.istockphoto.com/id/2208296627/photo/hand-forming-a-heart-shape-with-fingers-symbolizing-love-and-affection-romantic-gesture.jpg?s=612x612&w=0&k=20&c=juI-dVTyYxIaNzHKFdxFrcynNeaMbpt1fvWX3jKMmzQ=,accepted,ok,C:\Users\suzuk\emblems\web_image_scraper\outputs\dataset_raw\2-finger-heart\2-finger-heart_42662064.jpg,finger heart sign human hand photo,TRUE,
1/05/2026 20:36,2-finger-heart,https://media.istockphoto.com/id/1439645057/photo/korean-symbol-of-love-with-fingers.jpg?s=612x612&w=0&k=20&c=BAUdFQdUuVgA5U6MneSavVzOx2RwmxgenZX_BZXLR8s=,accepted,ok,C:\Users\suzuk\emblems\web_image_scraper\outputs\dataset_raw\2-finger-heart\2-finger-heart_b84eceb0.jpg,finger heart sign human hand photo,TRUE,
1/05/2026 20:36,2-finger-heart,https://images.pexels.com/photos/14820288/pexels-photo-14820288.jpeg,accepted,ok,C:\Users\suzuk\emblems\web_image_scraper\outputs\dataset_raw\2-finger-heart\2-finger-heart_924387f8.jpg,finger heart sign human hand photo,TRUE,
1/05/2026 20:36,2-finger-heart,https://thumbs.dreamstime.com/b/finger-heart-boy-hands-making-small-mini-shape-korean-style-sign-love-peace-hand-gesture-white-background-309374468.jpg,accepted,ok,C:\Users\suzuk\emblems\web_image_scraper\outputs\dataset_raw\2-finger-heart\2-finger-heart_d1396505.jpg,finger heart sign human hand photo,TRUE,
1/05/2026 20:36,2-finger-heart,https://media.gettyimages.com/id/1480242447/it/foto/mini-heart-hand-sign-on-white-background.jpg?s=612x612&w=gi&k=20&c=DcLSaEeMxtQ6GVuqGclEBcKXizNhR0129YQli1V_Ph4=,accepted,ok,C:\Users\suzuk\emblems\web_image_scraper\outputs\dataset_raw\2-finger-heart\2-finger-heart_8598de0e.jpg,finger heart sign human hand photo,TRUE,
1/05/2026 20:36,2-finger-heart,https://www.shutterstock.com/shutterstock/photos/2674761497/display_1500/stock-photo-a-human-hand-showing-a-korean-finger-heart-gesture-against-a-natural-outdoor-background-with-blue-2674761497.jpg,accepted,ok,C:\Users\suzuk\emblems\web_image_scraper\outputs\dataset_raw\2-finger-heart\2-finger-heart_ab579855.jpg,finger heart sign human hand photo,TRUE,
1/05/2026 20:36,2-finger-heart,https://c8.alamy.com/comp/MHA5HN/finger-heart-korean-style-isolated-on-white-MHA5HN.jpg,accepted,ok,C:\Users\suzuk\emblems\web_image_scraper\outputs\dataset_raw\2-finger-heart\2-finger-heart_78fbe3b6.jpg,finger heart sign human hand photo,TRUE,
1/05/2026 20:36,2-finger-heart,https://lookaside.instagram.com/seo/google_widget/crawler/?media_id=3724615379634494294,rejected,corrupt_or_unreadable_cannot identify image file 'C:\\Users\\s,,,,
1/05/2026 20:36,2-finger-heart,https://wimg.heraldcorp.com/content/default/2018/08/08/20180808000840_0.jpg,rejected,duplicate,,,,
1/05/2026 20:36,2-finger-heart,https://l450v.alamy.com/450v/mwdn6m/01st-june-2018-son-ye-jin-with-finger-heart-actress-son-ye-jin-makes-a-finger-heart-at-a-fan-meeting-in-seoul-on-june-1-2018-organized-by-able-cc-the-operator-of-south-korean-budget-cosmetics-brand-missha-credit-yonhapnewcomalamy-live-news-mwdn6m.jpg,accepted,ok,C:\Users\suzuk\emblems\web_image_scraper\outputs\dataset_raw\2-finger-heart\2-finger-heart_5c284014.jpg,kpop finger heart fan meeting,FALSE,traditional-heart
1/05/2026 20:36,2-finger-heart,https://wimg.heraldcorp.com/content/default/2018/08/08/20180808000846_0.jpg,rejected,duplicate,,,,
1/05/2026 20:36,2-finger-heart,https://wimg.heraldcorp.com/content/default/2018/08/08/20180808000841_0.jpg,rejected,duplicate,,,,
1/05/2026 20:36,2-finger-heart,https://lookaside.fbsbx.com/lookaside/crawler/media/?media_id=10215816285546598,rejected,file_too_small_392bytes,,,,
1/05/2026 20:36,2-finger-heart,https://lookaside.instagram.com/seo/google_widget/crawler/?media_id=3856510302792422586,rejected,corrupt_or_unreadable_cannot identify image file 'C:\\Users\\s,,,,
1/05/2026 20:36,2-finger-heart,https://linguasia.com/wp-content/uploads/Linguasia-Korean-Finger-Hearts-by-K-pop-Idols.jpg,rejected,duplicate,,,,
1/05/2026 20:36,2-finger-heart,https://images.en.koreaportal.com/data/images/full/38865/the-finger-heart-gesture-is-not-only-popular-in-korea-but-it-now-taking-over-the-world-photo-by-hallyu-community-youtube-screenshot.png?w=750,accepted,ok,C:\Users\suzuk\emblems\web_image_scraper\outputs\dataset_raw\2-finger-heart\2-finger-heart_0990c100.png,kpop finger heart fan meeting,TRUE,
1/05/2026 20:36,2-finger-heart,https://i.redd.it/fansite-photos-from-txts-mini-fan-meeting-on-260418-v0-9u4pe6wbr5wg1.jpg?width=1200&format=pjpg&auto=webp&s=a47a8ac3e857dcfb3372ee85128cba28ecc11aa9,accepted,ok,C:\Users\suzuk\emblems\web_image_scraper\outputs\dataset_raw\2-finger-heart\2-finger-heart_a82bbe64.jpg,kpop finger heart fan meeting,FALSE,traditional-heart
1/05/2026 20:36,2-finger-heart,https://upload.wikimedia.org/wikipedia/commons/e/ea/Playback_%28South_Korea%29_member_with_finger_heart_in_2015.jpg,rejected,duplicate,,,,
1/05/2026 20:36,2-finger-heart,https://www.cathaypacific.com/content/dam/focal-point/cx/inspiration/2024/12/Why_Korean_finger_hearts_are_taking_the_world_by_storm-Korean_female_star-The_Chosunilbo_JNS-Gettyimages-5.renditionimage.600.900.jpg,rejected,duplicate,,,,
1/05/2026 20:36,2-finger-heart,https://www.cathaypacific.com/content/dam/focal-point/cx/inspiration/2024/12/Why_Korean_finger_hearts_are_taking_the_world_by_storm-Korean_male_star-The_Chosunilbo_JNS-Gettyimages-6.renditionimage.600.900.jpg,rejected,duplicate,,,,
1/05/2026 20:36,2-finger-heart,https://wimg.heraldcorp.com/content/default/2018/08/08/20180808000840_0.jpg,rejected,duplicate,,,,
1/05/2026 20:36,2-finger-heart,https://www.cathaypacific.com/content/dam/focal-point/cx/inspiration/2024/12/Why_Korean_finger_hearts_are_taking_the_world_by_storm-Actress_Kim_Hye_soo-The_Chosunilbo_JNS-Gettyimages-3.renditionimage.900.900.jpg,accepted,ok,C:\Users\suzuk\emblems\web_image_scraper\outputs\dataset_raw\2-finger-heart\2-finger-heart_48752a3d.jpg,finger heart gesture asian celebrity,FALSE,traditional-heart
1/05/2026 20:36,2-finger-heart,https://wimg.heraldcorp.com/content/default/2018/08/08/20180808000841_0.jpg,rejected,duplicate,,,,
1/05/2026 20:36,2-finger-heart,https://www.cathaypacific.com/content/dam/focal-point/cx/inspiration/2024/12/Why_Korean_finger_hearts_are_taking_the_world_by_storm-Avengers_Infinity_War_Cast-Han_Myung-Gu-Gettyimages-4.renditionimage.900.900.jpg,rejected,duplicate,,,,
1/05/2026 20:36,2-finger-heart,https://lookaside.fbsbx.com/lookaside/crawler/media/?media_id=875059381756593,rejected,file_too_small_386bytes,,,,
1/05/2026 20:36,2-finger-heart,https://lookaside.fbsbx.com/lookaside/crawler/media/?media_id=1309284771214334,rejected,file_too_small_388bytes,,,,
1/05/2026 20:36,2-finger-heart,https://images.en.koreaportal.com/data/images/full/38865/the-finger-heart-gesture-is-not-only-popular-in-korea-but-it-now-taking-over-the-world-photo-by-hallyu-community-youtube-screenshot.png,rejected,duplicate,,,,
1/05/2026 20:36,traditional-heart,https://pyxis.nymag.com/v1/imgs/697/39c/bf6738bb6beebc8cda1071a6796a1fa6b0-11-swifthandheart.2x.h368.w245.jpg,accepted,ok,C:\Users\suzuk\emblems\web_image_scraper\outputs\dataset_raw\traditional-heart\traditional-heart_e50e2e85.jpg,hand heart gesture celebrity concert photo,,
1/05/2026 20:36,traditional-heart,https://static01.nyt.com/images/2011/08/11/fashion/11NOTICED6/11NOTICED6-jumbo.jpg?quality=75&auto=webp&disable=upscale,rejected,duplicate,,,,
1/05/2026 20:36,traditional-heart,https://www.usmagazine.com/wp-content/uploads/2024/01/Taylor-Swift-hand-hearts.jpg?w=1000&quality=86&strip=all,accepted,ok,C:\Users\suzuk\emblems\web_image_scraper\outputs\dataset_raw\traditional-heart\traditional-heart_c3f5efa0.jpg,hand heart gesture celebrity concert photo,,
1/05/2026 20:36,traditional-heart,https://media.gettyimages.com/id/1626740327/photo/woman-making-heart-shape-with-hands-at-music-event.jpg?s=612x612&w=gi&k=20&c=iq54MPovfl0gKMQWuhaotGD1ZO0xDI7JhBE5aKW5h3g=,accepted,ok,C:\Users\suzuk\emblems\web_image_scraper\outputs\dataset_raw\traditional-heart\traditional-heart_b931d6b3.jpg,hand heart gesture celebrity concert photo,,
1/05/2026 20:36,traditional-heart,https://pyxis.nymag.com/v1/imgs/697/39c/bf6738bb6beebc8cda1071a6796a1fa6b0-11-swifthandheart.rsocial.w1200.jpg,accepted,ok,C:\Users\suzuk\emblems\web_image_scraper\outputs\dataset_raw\traditional-heart\traditional-heart_3f3c6497.jpg,hand heart gesture celebrity concert photo,,
1/05/2026 20:36,traditional-heart,https://media.gettyimages.com/id/2060725792/photo/hands-making-heart-shape-at-music-festival.jpg?s=612x612&w=gi&k=20&c=eKYt5YeRs66W2VrTVL7sEJB7ttsplAJhN1-bRYCeeJI=,accepted,ok,C:\Users\suzuk\emblems\web_image_scraper\outputs\dataset_raw\traditional-heart\traditional-heart_9805c3b0.jpg,hand heart gesture celebrity concert photo,,
1/05/2026 20:37,traditional-heart,https://www.tiktok.com/api/img/?itemId=7261457356771429638&location=0&aid=1988,rejected,http_403,,,,
1/05/2026 20:37,traditional-heart,https://media.istockphoto.com/id/2150389695/photo/concertgoer-forms-heart-shape-with-hands-at-beachside-music-festival-crowd-enjoys-live.jpg?s=612x612&w=0&k=20&c=C-rsIFkprFJfUcKRUO7BPZwgnbP9_2uChyEO3JJT5qA=,accepted,ok,C:\Users\suzuk\emblems\web_image_scraper\outputs\dataset_raw\traditional-heart\traditional-heart_45b7fcd8.jpg,hand heart gesture celebrity concert photo,,
1/05/2026 20:37,traditional-heart,https://thumbs.dreamstime.com/b/silhouette-heart-shaped-hands-shadow-light-illuminated-power-music-concert-74253058.jpg,accepted,ok,C:\Users\suzuk\emblems\web_image_scraper\outputs\dataset_raw\traditional-heart\traditional-heart_7a00198d.jpg,hand heart gesture celebrity concert photo,,
1/05/2026 20:37,traditional-heart,https://media.gettyimages.com/id/2148659746/photo/hands-making-heart-shape-at-music-festival.jpg?s=612x612&w=gi&k=20&c=KGwrywCZ7Lrtc66Ereqvd92U0-f8B2-cbWOUcEYaMg8=,accepted,ok,C:\Users\suzuk\emblems\web_image_scraper\outputs\dataset_raw\traditional-heart\traditional-heart_f2e6a69b.jpg,hand heart gesture celebrity concert photo,,
1/05/2026 20:37,traditional-heart,https://lookaside.fbsbx.com/lookaside/crawler/media/?media_id=882800520382171,rejected,file_too_small_386bytes,,,,
1/05/2026 20:37,traditional-heart,https://www.tiktok.com/api/img/?itemId=7210819681966640430&location=0&aid=1988,rejected,http_403,,,,
1/05/2026 20:37,traditional-heart,https://thumbs.dreamstime.com/b/heart-hands-portrait-happy-girl-outdoor-travel-adventure-fun-gesture-care-emoji-frame-gen-z-woman-318244515.jpg,accepted,ok,C:\Users\suzuk\emblems\web_image_scraper\outputs\dataset_raw\traditional-heart\traditional-heart_e4ddeba7.jpg,two hands heart shape human millennial,,
1/05/2026 20:37,traditional-heart,https://www.tiktok.com/api/img/?itemId=7331816401423928607&location=0&aid=1988,rejected,http_403,,,,
1/05/2026 20:37,traditional-heart,https://l450v.alamy.com/450v/2r45p5d/two-women-make-heart-shape-with-their-hands-fingers-earth-day-love-nature-2r45p5d.jpg,accepted,ok,C:\Users\suzuk\emblems\web_image_scraper\outputs\dataset_raw\traditional-heart\traditional-heart_f06f8c9d.jpg,two hands heart shape human millennial,,
1/05/2026 20:37,traditional-heart,https://www.shutterstock.com/image-photo/closeup-two-hands-forming-classic-260nw-2699504047.jpg,accepted,ok,C:\Users\suzuk\emblems\web_image_scraper\outputs\dataset_raw\traditional-heart\traditional-heart_5cf799fd.jpg,two hands heart shape human millennial,,
1/05/2026 20:37,traditional-heart,https://media.istockphoto.com/id/1284052875/photo/diverse-hands-with-love-sign.jpg?s=612x612&w=0&k=20&c=FZ2atYwPMNhQpYGqL-85tswecoiVnJUqkJBudzzcjv8=,accepted,ok,C:\Users\suzuk\emblems\web_image_scraper\outputs\dataset_raw\traditional-heart\traditional-heart_2cd9d598.jpg,two hands heart shape human millennial,,
1/05/2026 20:37,traditional-heart,https://www.tiktok.com/api/img/?itemId=7621873468837088544&location=0&aid=1988,rejected,http_403,,,,
1/05/2026 20:37,traditional-heart,https://preview.redd.it/rf7ul2taj5vd1.jpeg?auto=webp&s=f5c96987f3be5167362a0a1f037361fee15793d9,accepted,ok,C:\Users\suzuk\emblems\web_image_scraper\outputs\dataset_raw\traditional-heart\traditional-heart_37ea04fe.jpg,two hands heart shape human millennial,,
1/05/2026 20:37,traditional-heart,https://www.tiktok.com/api/img/?itemId=7200477015097625902&location=0&aid=1988,rejected,http_403,,,,
1/05/2026 20:37,traditional-heart,https://i.guim.co.uk/img/media/2ae1f61fe3002a4f76d187a9219e0cefd35ce78a/0_146_3084_1850/master/3084.jpg?width=465&dpr=1&s=none&crop=none,rejected,duplicate,,,,
1/05/2026 20:37,traditional-heart,https://lookaside.instagram.com/seo/google_widget/crawler/?media_id=3782451203880532550,rejected,corrupt_or_unreadable_cannot identify image file 'C:\\Users\\s,,,,
1/05/2026 20:37,traditional-heart,https://www.usmagazine.com/wp-content/uploads/2024/01/Travis-Kelce-hand-heart-1.jpg,accepted,ok,C:\Users\suzuk\emblems\web_image_scraper\outputs\dataset_raw\traditional-heart\traditional-heart_e1a7a2e0.jpg,heart hands gesture sports winner photo,,
1/05/2026 20:37,traditional-heart,https://media.gettyimages.com/id/1411104859/photo/sheffield-england-ellen-white-of-england-gestures-a-heart-shape-with-their-hands-as-they.jpg?s=612x612&w=gi&k=20&c=lDin2KX50AnKz4aT0IOM7poP-T36PT5bXaJU99YwMac=,accepted,ok,C:\Users\suzuk\emblems\web_image_scraper\outputs\dataset_raw\traditional-heart\traditional-heart_224dfd6b.jpg,heart hands gesture sports winner photo,,
1/05/2026 20:37,traditional-heart,https://media.gettyimages.com/id/1558888338/video/male-soccer-player-forms-heart-shape-with-his-hands-as-teammates-surround-him-to-celebrate.jpg?s=640x640&k=20&c=cuIMQZhdCkhnd6PG_l9tW24VXUnZDnrZZxQ1AgTjwiY=,accepted,ok,C:\Users\suzuk\emblems\web_image_scraper\outputs\dataset_raw\traditional-heart\traditional-heart_04782a76.jpg,heart hands gesture sports winner photo,FALSE,not-heart-gesture
1/05/2026 20:37,traditional-heart,https://i.guim.co.uk/img/media/f1ac377e6d9a4901f6245ca6b92d559e104b1f4f/0_340_6000_3600/master/6000.jpg?width=445&dpr=1&s=none&crop=none,accepted,ok,C:\Users\suzuk\emblems\web_image_scraper\outputs\dataset_raw\traditional-heart\traditional-heart_3b606b06.jpg,heart hands gesture sports winner photo,,
1/05/2026 20:37,traditional-heart,https://i.guim.co.uk/img/media/00d47d10379b2a1f9338f6343cd0a5feface1d03/0_194_5819_3491/master/5819.jpg?width=445&dpr=1&s=none&crop=none,accepted,ok,C:\Users\suzuk\emblems\web_image_scraper\outputs\dataset_raw\traditional-heart\traditional-heart_6c010fda.jpg,heart hands gesture sports winner photo,,
1/05/2026 20:37,traditional-heart,https://media.gettyimages.com/id/2224288919/photo/london-england-belinda-bencic-of-switzerland-makes-a-heart-gesture-with-her-hands-as-she.jpg?s=612x612&w=gi&k=20&c=JbZ19wSI5nrCYowfqGMF1LDOuxon9udZKjfGw26mVf8=,accepted,ok,C:\Users\suzuk\emblems\web_image_scraper\outputs\dataset_raw\traditional-heart\traditional-heart_2ad8c173.jpg,heart hands gesture sports winner photo,,
1/05/2026 20:37,traditional-heart,https://media.istockphoto.com/id/1744747186/photo/portrait-heart-hands-or-happy-with-woman-on-sports-field-for-fitness-exercise-or-workout-for.jpg?s=612x612&w=0&k=20&c=uSluCzEbRrn_yOZ6EmKe9zrhU0hUGCV2pBN0Z8zR62I=,accepted,ok,C:\Users\suzuk\emblems\web_image_scraper\outputs\dataset_raw\traditional-heart\traditional-heart_7adfbf53.jpg,heart hands gesture sports winner photo,,
1/05/2026 20:37,traditional-heart,"https://i.cbc.ca/ais/1.1414297,1378978835000/full/max/0/default.jpg?im=Crop%2Crect%3D%280%2C0%2C1180%2C663%29%3B",accepted,ok,C:\Users\suzuk\emblems\web_image_scraper\outputs\dataset_raw\traditional-heart\traditional-heart_f0688141.jpg,heart hands gesture sports winner photo,,
1/05/2026 20:37,traditional-heart,https://static01.nyt.com/images/2011/08/11/fashion/11NOTICED6/11NOTICED6-jumbo.jpg?quality=75&auto=webp&disable=upscale,rejected,duplicate,,,,
1/05/2026 20:37,traditional-heart,https://thumbs.dreamstime.com/b/concertgoer-forms-heart-shape-hands-beachside-music-festival-crowd-enjoys-live-performance-sunset-love-symbol-gesture-326442114.jpg,rejected,duplicate,,,,
1/05/2026 20:37,traditional-heart,https://www.shutterstock.com/image-photo/people-making-heart-shape-gesture-260nw-2698568761.jpg,accepted,ok,C:\Users\suzuk\emblems\web_image_scraper\outputs\dataset_raw\traditional-heart\traditional-heart_32290f52.jpg,hand heart sign event human,,
1/05/2026 20:37,traditional-heart,https://media.istockphoto.com/id/1727947604/photo/volunteers-making-a-heart-shape-with-their-hands.jpg?s=612x612&w=0&k=20&c=IZ75vH5KpqdjfQ6bNHnD0Q-dVZtHSLVZCish8YCkpA0=,accepted,ok,C:\Users\suzuk\emblems\web_image_scraper\outputs\dataset_raw\traditional-heart\traditional-heart_ac82c204.jpg,hand heart sign event human,,
1/05/2026 20:37,traditional-heart,https://thumbs.dreamstime.com/b/hands-team-forming-heart-shapes-raised-towards-sky-sun-shining-friends-people-gathering-hands-team-forming-heart-shapes-448233966.jpg,accepted,ok,C:\Users\suzuk\emblems\web_image_scraper\outputs\dataset_raw\traditional-heart\traditional-heart_c3f47038.jpg,hand heart sign event human,,
1/05/2026 20:37,traditional-heart,https://media.istockphoto.com/id/1483833011/photo/crowd-at-a-concert-party.jpg?s=612x612&w=0&k=20&c=GEZZ93KmSs7JuF5rhuo0djPsaNM0I7BsTqvkyzMm_94=,accepted,ok,C:\Users\suzuk\emblems\web_image_scraper\outputs\dataset_raw\traditional-heart\traditional-heart_74770c0b.jpg,hand heart sign event human,,
1/05/2026 20:37,traditional-heart,https://img.freepik.com/premium-photo/hands-forming-heart-shape-midst-vibrant-joyful-celebration-event_152904-56564.jpg,accepted,ok,C:\Users\suzuk\emblems\web_image_scraper\outputs\dataset_raw\traditional-heart\traditional-heart_25284374.jpg,hand heart sign event human,FALSE,2-finger-heart
1/05/2026 20:37,traditional-heart,https://www.shutterstock.com/image-photo/closeup-team-diverse-friends-shaping-260nw-2733057719.jpg,accepted,ok,C:\Users\suzuk\emblems\web_image_scraper\outputs\dataset_raw\traditional-heart\traditional-heart_71d173d5.jpg,hand heart sign event human,,
1/05/2026 20:37,traditional-heart,https://img.freepik.com/premium-photo/woman-man-hands-heart-sign-street_225446-5149.jpg,accepted,ok,C:\Users\suzuk\emblems\web_image_scraper\outputs\dataset_raw\traditional-heart\traditional-heart_1a19259c.jpg,hand heart sign event human,,
1/05/2026 20:37,traditional-heart,https://media.istockphoto.com/id/1435048731/photo/conceptual-shot-of-some-hands-making-heart-shapes-with-fingers.jpg?s=612x612&w=0&k=20&c=nhfTCJh9WSEn_-IbpGse7UbP8n-vqakqRNxIUawx1-Y=,accepted,ok,C:\Users\suzuk\emblems\web_image_scraper\outputs\dataset_raw\traditional-heart\traditional-heart_dad3fe0f.jpg,hand heart sign event human,,
1/05/2026 20:37,traditional-heart,https://static01.nyt.com/images/2011/08/11/fashion/11NOTICED6/11NOTICED6-jumbo.jpg?quality=75&auto=webp&disable=upscale,rejected,duplicate,,,,
1/05/2026 20:37,traditional-heart,https://s.yimg.com/ny/api/res/1.2/QYEqI9GeOffKsIaS2Kex7w--/YXBwaWQ9aGlnaGxhbmRlcjt3PTEyNDI7aD05MzI7Y2Y9d2VicA--/https://media.zenfs.com/en/tmz_articles_672/aa969690796f908dbfdf8a9ed6fa4a33,accepted,ok,C:\Users\suzuk\emblems\web_image_scraper\outputs\dataset_raw\traditional-heart\traditional-heart_934abe12.jpg,heart shape hands celebrity red carpet,,
1/05/2026 20:37,traditional-heart,https://koreajoongangdaily.joins.com/data/photo/2024/05/04/079891fa-ac4b-40c2-81d3-ff014ded1183.jpg,accepted,ok,C:\Users\suzuk\emblems\web_image_scraper\outputs\dataset_raw\traditional-heart\traditional-heart_479d7d67.jpg,heart shape hands celebrity red carpet,,
1/05/2026 20:37,traditional-heart,https://static01.nyt.com/images/2018/01/07/fashion/07GG-PROTEST1/07GG-PROTEST1-superJumbo.jpg,accepted,ok,C:\Users\suzuk\emblems\web_image_scraper\outputs\dataset_raw\traditional-heart\traditional-heart_ee9b1ab0.jpg,heart shape hands celebrity red carpet,FALSE,not-heart-gesture
1/05/2026 20:37,traditional-heart,https://cloudfront-us-east-1.images.arcpublishing.com/opb/474BN4IJ6HQ7QN6YEGBNOEWVRE.jpg,accepted,ok,C:\Users\suzuk\emblems\web_image_scraper\outputs\dataset_raw\traditional-heart\traditional-heart_1797e01a.jpg,heart shape hands celebrity red carpet,FALSE,not-heart-gesture
1/05/2026 20:38,traditional-heart,https://images.indianexpress.com/2021/04/oscars-2021-clutch-1200.jpg?w=1200,accepted,ok,C:\Users\suzuk\emblems\web_image_scraper\outputs\dataset_raw\traditional-heart\traditional-heart_e813dbfd.jpg,heart shape hands celebrity red carpet,FALSE,not-heart-gesture
1/05/2026 20:38,traditional-heart,https://lookaside.fbsbx.com/lookaside/crawler/instagram/DV8-npAEQPl/0/image.jpg,rejected,file_too_small_322bytes,,,,
1/05/2026 20:38,traditional-heart,https://www.tiktok.com/api/img/?itemId=7417467171044904225&location=0&aid=1988,rejected,http_403,,,,
1/05/2026 20:38,traditional-heart,https://lookaside.fbsbx.com/lookaside/crawler/instagram/C4gXS9XLWtN/0/image.jpg,rejected,file_too_small_322bytes,,,,
1/05/2026 20:38,traditional-heart,https://koreajoongangdaily.joins.com/data/photo/2024/05/04/3b811468-4038-4632-b9cf-6f5d09868784.jpg,accepted,ok,C:\Users\suzuk\emblems\web_image_scraper\outputs\dataset_raw\traditional-heart\traditional-heart_5fb71718.jpg,heart shape hands celebrity red carpet,,
1/05/2026 20:38,traditional-heart-2,https://lookaside.fbsbx.com/lookaside/crawler/media/?media_id=882800520382171,rejected,file_too_small_386bytes,,,,
1/05/2026 20:38,traditional-heart-2,https://www.tiktok.com/api/img/?itemId=7236511860885966123&location=0&aid=1988,rejected,http_403,,,,
1/05/2026 20:38,traditional-heart-2,https://www.tiktok.com/api/img/?itemId=7196146429239299329&location=0&aid=1988,rejected,http_403,,,,
1/05/2026 20:38,traditional-heart-2,https://s.yimg.com/os/en/the_independent_635/0c97692f30b2b0c5e279b2f281268b43,accepted,ok,C:\Users\suzuk\emblems\web_image_scraper\outputs\dataset_raw\traditional-heart-2\traditional-heart-2_59929a54.jpg,gen z heart gesture index fingers photo,,
1/05/2026 20:38,traditional-heart-2,https://www.tiktok.com/api/img/?itemId=7210819681966640430&location=0&aid=1988,rejected,http_403,,,,
1/05/2026 20:38,traditional-heart-2,https://preview.redd.it/rf7ul2taj5vd1.jpeg?auto=webp&s=f5c96987f3be5167362a0a1f037361fee15793d9,rejected,duplicate,,,,
1/05/2026 20:38,traditional-heart-2,https://preview.redd.it/when-did-the-heart-hand-sign-change-and-like-why-v0-d7tr3je297zc1.jpg?width=736&format=pjpg&auto=webp&s=5d012fc3bf784e7496adb4dc2b513d0d6c7294da,accepted,ok,C:\Users\suzuk\emblems\web_image_scraper\outputs\dataset_raw\traditional-heart-2\traditional-heart-2_87d23595.jpg,gen z heart gesture index fingers photo,,
1/05/2026 20:38,traditional-heart-2,https://images.wsj.net/im-968437?size=1&height=900,accepted,ok,C:\Users\suzuk\emblems\web_image_scraper\outputs\dataset_raw\traditional-heart-2\traditional-heart-2_afd7b39a.jpg,gen z heart gesture index fingers photo,,
1/05/2026 20:38,traditional-heart-2,https://www.tiktok.com/api/img/?itemId=7331816401423928607&location=0&aid=1988,rejected,http_403,,,,
1/05/2026 20:38,traditional-heart-2,https://wimg.mk.co.kr/news/cms/202406/10/news-p.v1.20240610.a8c1605b0d7047d1af757827e281727d_P1.png,accepted,ok,C:\Users\suzuk\emblems\web_image_scraper\outputs\dataset_raw\traditional-heart-2\traditional-heart-2_73bc9eec.png,gen z heart gesture index fingers photo,FALSE,2-finger-heart
1/05/2026 20:38,traditional-heart-2,https://c8.alamy.com/zooms/9/d052af3862764b0ead9547fc8b293969/2e2c0h2.jpg,accepted,ok,C:\Users\suzuk\emblems\web_image_scraper\outputs\dataset_raw\traditional-heart-2\traditional-heart-2_101e09a5.jpg,double finger heart sign human hand,,
1/05/2026 20:38,traditional-heart-2,https://static01.nyt.com/images/2011/08/11/fashion/11NOTICED6/11NOTICED6-jumbo.jpg?quality=75&auto=webp&disable=upscale,rejected,duplicate,,,,
1/05/2026 20:38,traditional-heart-2,https://www.shutterstock.com/image-photo/female-male-hands-form-heart-600nw-2331297513.jpg,accepted,ok,C:\Users\suzuk\emblems\web_image_scraper\outputs\dataset_raw\traditional-heart-2\traditional-heart-2_088292f0.jpg,double finger heart sign human hand,FALSE,traditional-heart
1/05/2026 20:38,traditional-heart-2,https://www.shutterstock.com/image-photo/female-hand-showing-heart-gesture-260nw-2712401847.jpg,rejected,file_too_small_8432bytes,,,,
1/05/2026 20:38,traditional-heart-2,https://www.shutterstock.com/image-vector/human-hands-showing-heart-sign-260nw-2437922759.jpg,accepted,ok,C:\Users\suzuk\emblems\web_image_scraper\outputs\dataset_raw\traditional-heart-2\traditional-heart-2_971fbbee.jpg,double finger heart sign human hand,,
1/05/2026 20:38,traditional-heart-2,https://thumbs.dreamstime.com/b/two-human-hands-create-heart-symbol-overlapping-their-fingers-against-plain-white-background-side-angle-composition-435614765.jpg,accepted,ok,C:\Users\suzuk\emblems\web_image_scraper\outputs\dataset_raw\traditional-heart-2\traditional-heart-2_ccd264b5.jpg,double finger heart sign human hand,FALSE,traditional-heart
1/05/2026 20:38,traditional-heart-2,https://static.vecteezy.com/system/resources/previews/021/509/804/non_2x/two-human-hands-showing-heart-shape-with-fingers-one-line-drawing-concept-korean-heart-finger-gesture-vector.jpg,accepted,ok,C:\Users\suzuk\emblems\web_image_scraper\outputs\dataset_raw\traditional-heart-2\traditional-heart-2_16f82f78.jpg,double finger heart sign human hand,,
1/05/2026 20:38,traditional-heart-2,https://media.istockphoto.com/id/1744050466/photo/hands-of-different-ethnicities-african-and-european-forming-a-heart-with-their-fingers.jpg?s=612x612&w=0&k=20&c=lk3b2VsJtar2bkKBSBYSXVpqv6NkKQWkj-nskpWIBzE=,accepted,ok,C:\Users\suzuk\emblems\web_image_scraper\outputs\dataset_raw\traditional-heart-2\traditional-heart-2_ffe19388.jpg,double finger heart sign human hand,FALSE,traditional-heart
1/05/2026 20:38,traditional-heart-2,https://t3.ftcdn.net/jpg/19/98/49/92/360_F_1998499223_sFTPkeblzOJyMzFnZjlsufuPyoHXXBvI.jpg,accepted,ok,C:\Users\suzuk\emblems\web_image_scraper\outputs\dataset_raw\traditional-heart-2\traditional-heart-2_72b8c45d.jpg,double finger heart sign human hand,FALSE,2-finger-heart
1/05/2026 20:38,traditional-heart-2,https://www.shutterstock.com/image-vector/gestures-set-hands-making-heart-260nw-2578164471.jpg,rejected,aspect_too_wide_3.48,,,,
1/05/2026 20:38,traditional-heart-2,https://www.shutterstock.com/image-vector/hands-making-heart-shape-gesture-260nw-2452663307.jpg,rejected,file_too_small_5693bytes,,,,
1/05/2026 20:38,traditional-heart-2,https://thumbs.dreamstime.com/b/gestures-two-hands-making-heart-shape-index-middle-fingers-love-sign-gesturing-human-arms-trendy-modern-gestures-two-357863218.jpg,accepted,ok,C:\Users\suzuk\emblems\web_image_scraper\outputs\dataset_raw\traditional-heart-2\traditional-heart-2_e2a97696.jpg,heart gesture index middle finger human,,
1/05/2026 20:38,traditional-heart-2,https://www.tiktok.com/api/img/?itemId=7336251150108314926&location=0&aid=1988,rejected,http_403,,,,
1/05/2026 20:38,traditional-heart-2,https://www.tiktok.com/api/img/?itemId=7236511860885966123&location=0&aid=1988,rejected,http_403,,,,
1/05/2026 20:38,traditional-heart-2,https://thumbs.dreamstime.com/b/hands-making-heart-shape-gesture-index-middle-fingers-d-icon-vector-cartoon-love-symbol-afro-romantic-emoji-realistic-315678084.jpg,accepted,ok,C:\Users\suzuk\emblems\web_image_scraper\outputs\dataset_raw\traditional-heart-2\traditional-heart-2_82018787.jpg,heart gesture index middle finger human,,
1/05/2026 20:38,traditional-heart-2,https://blogger.googleusercontent.com/img/b/R29vZ2xl/AVvXsEji-V8tFz_6qK_BXi5-wO0OzmTotSLmgO0Q2eJMUMjPRhgPHYgIphvg2qieCUPz2FiGu74a8hXvVWbGWt3agdnMZwN1KbWWC2Gjo3revu2uk-0mFFZhIvGIlwyy_N-GZFYE4QqJjmQiMYgP/s1600/20160327_131159.jpg,accepted,ok,C:\Users\suzuk\emblems\web_image_scraper\outputs\dataset_raw\traditional-heart-2\traditional-heart-2_e49c0cf8.jpg,heart gesture index middle finger human,,
1/05/2026 20:38,traditional-heart-2,https://thumbs.dreamstime.com/b/hand-gesture-heart-love-sign-language-contour-vector-illustration-index-middle-ring-little-fingers-thumb-hand-gesture-367781588.jpg,accepted,ok,C:\Users\suzuk\emblems\web_image_scraper\outputs\dataset_raw\traditional-heart-2\traditional-heart-2_dfca2538.jpg,heart gesture index middle finger human,FALSE,traditional-heart
1/05/2026 20:38,traditional-heart-2,https://as1.ftcdn.net/jpg/00/94/89/82/1000_F_94898261_0WeoT5nbdYVQC8ORCekUskgN2PZ3rEHi.jpg,accepted,ok,C:\Users\suzuk\emblems\web_image_scraper\outputs\dataset_raw\traditional-heart-2\traditional-heart-2_6e770c48.jpg,heart gesture index middle finger human,,
1/05/2026 20:38,traditional-heart-2,https://www.tiktok.com/api/img/?itemId=7455314764349115666&location=3&aid=1988&index=0,rejected,http_403,,,,
1/05/2026 20:38,traditional-heart-2,https://www.shutterstock.com/image-photo/female-hand-making-korean-heart-260nw-2590173175.jpg,rejected,file_too_small_6383bytes,,,,
1/05/2026 20:38,traditional-heart-2,https://lookaside.fbsbx.com/lookaside/crawler/media/?media_id=882800520382171,rejected,file_too_small_386bytes,,,,
1/05/2026 20:38,traditional-heart-2,https://www.tiktok.com/api/img/?itemId=7236511860885966123&location=0&aid=1988,rejected,http_403,,,,
1/05/2026 20:38,traditional-heart-2,https://s.yimg.com/os/en/the_independent_635/0c97692f30b2b0c5e279b2f281268b43,rejected,duplicate,,,,
1/05/2026 20:38,traditional-heart-2,https://www.tiktok.com/api/img/?itemId=7303797903846280490&location=0&aid=1988,rejected,http_403,,,,
1/05/2026 20:38,traditional-heart-2,https://preview.redd.it/kyle-maclachlan-has-adopted-the-gen-z-method-of-heart-hands-v0-va52qx9nfnic1.jpeg?auto=webp&s=eb7e2cd6e349918d39732c4d842aa981001d4057,accepted,ok,C:\Users\suzuk\emblems\web_image_scraper\outputs\dataset_raw\traditional-heart-2\traditional-heart-2_aca6ae75.jpg,gen z heart hand sign celebrity,,
1/05/2026 20:38,traditional-heart-2,https://www.tiktok.com/api/img/?itemId=7196146429239299329&location=0&aid=1988,rejected,http_403,,,,
1/05/2026 20:38,traditional-heart-2,https://wordpress-purewow-media.s3.amazonaws.com/wp-content/uploads/2024/03/The-Heart-Pose_-Millennials-vs.-Gen-Z_.jpg,accepted,ok,C:\Users\suzuk\emblems\web_image_scraper\outputs\dataset_raw\traditional-heart-2\traditional-heart-2_e3f8a104.jpg,gen z heart hand sign celebrity,FALSE,2-finger-heart
1/05/2026 20:38,traditional-heart-2,https://www.tiktok.com/api/img/?itemId=7366304208150121774&location=0&aid=1988,rejected,http_403,,,,
1/05/2026 20:38,traditional-heart-2,https://images.wsj.net/im-968437?size=1&height=900,rejected,duplicate,,,,
1/05/2026 20:38,traditional-heart-2,https://static01.nyt.com/images/2011/08/11/fashion/11NOTICED6/11NOTICED6-jumbo.jpg?quality=75&auto=webp&disable=upscale,rejected,duplicate,,,,
1/05/2026 20:38,traditional-heart-2,https://thumbs.dreamstime.com/b/trendy-cool-two-finger-heart-shape-popular-tiktok-hand-gesture-made-fingers-against-colorful-out-focus-sunset-sky-251488082.jpg,accepted,ok,C:\Users\suzuk\emblems\web_image_scraper\outputs\dataset_raw\traditional-heart-2\traditional-heart-2_9e1bbbf8.jpg,two finger heart shape gesture photo,,
1/05/2026 20:38,traditional-heart-2,https://c8.alamy.com/comp/2G29R7M/a-hand-making-a-heart-shape-with-two-fingers-on-a-white-isolated-background-korean-symbol-of-love-with-fingers-finger-heart-mini-heart-finger-hand-2G29R7M.jpg,accepted,ok,C:\Users\suzuk\emblems\web_image_scraper\outputs\dataset_raw\traditional-heart-2\traditional-heart-2_6f1cdf8d.jpg,two finger heart shape gesture photo,FALSE,2-finger-heart
1/05/2026 20:38,traditional-heart-2,https://www.shutterstock.com/image-vector/valentines-day-card-hand-making-260nw-1282452892.jpg,accepted,ok,C:\Users\suzuk\emblems\web_image_scraper\outputs\dataset_raw\traditional-heart-2\traditional-heart-2_2002bbb7.jpg,two finger heart shape gesture photo,FALSE,2-finger-heart
1/05/2026 20:39,traditional-heart-2,https://upload.wikimedia.org/wikipedia/commons/e/ea/Playback_%28South_Korea%29_member_with_finger_heart_in_2015.jpg,rejected,duplicate,,,,
1/05/2026 20:39,traditional-heart-2,https://www.shutterstock.com/image-vector/hands-making-heart-shape-gesture-260nw-2452663307.jpg,rejected,file_too_small_5693bytes,,,,
1/05/2026 20:39,traditional-heart-2,https://thumbs.dreamstime.com/b/trendy-cool-two-finger-heart-shape-popular-tiktok-heart-shape-hand-gesture-made-fingers-against-colorful-out-focus-251488033.jpg,accepted,ok,C:\Users\suzuk\emblems\web_image_scraper\outputs\dataset_raw\traditional-heart-2\traditional-heart-2_bd3a70d5.jpg,two finger heart shape gesture photo,,
1/05/2026 20:39,traditional-heart-2,https://static.vecteezy.com/system/resources/previews/021/693/345/non_2x/smiling-woman-crosses-two-fingers-in-the-shape-of-heart-a-sign-expresses-love-korean-heart-gesture-love-and-happiness-concept-vector.jpg,accepted,ok,C:\Users\suzuk\emblems\web_image_scraper\outputs\dataset_raw\traditional-heart-2\traditional-heart-2_ea7b75da.jpg,two finger heart shape gesture photo,FALSE,2-finger-heart
1/05/2026 20:39,traditional-heart-2,https://thumbs.dreamstime.com/b/hand-forming-heart-shape-symbolizing-love-care-golden-gesture-made-two-fingers-representing-hope-health-romance-389186228.jpg,accepted,ok,C:\Users\suzuk\emblems\web_image_scraper\outputs\dataset_raw\traditional-heart-2\traditional-heart-2_43057abd.jpg,two finger heart shape gesture photo,FALSE,traditional-heart
1/05/2026 20:39,traditional-heart-2,https://t3.ftcdn.net/jpg/03/19/69/98/360_F_319699834_6C3qAXAwIuZSO2al4RxtXd0q0jQoXSyU.jpg,accepted,ok,C:\Users\suzuk\emblems\web_image_scraper\outputs\dataset_raw\traditional-heart-2\traditional-heart-2_8ed33cee.jpg,two finger heart shape gesture photo,FALSE,traditional-heart
1/05/2026 20:39,traditional-heart-2,https://www.shutterstock.com/image-vector/gestures-set-hands-making-heart-260nw-2578164471.jpg,rejected,aspect_too_wide_3.48,,,,
1/05/2026 20:39,upside_down_heart,https://c8.alamy.com/comp/2E2FXMC/closeup-shot-of-hands-showing-a-heart-upside-down-isolated-on-a-white-background-2E2FXMC.jpg,accepted,ok,C:\Users\suzuk\emblems\web_image_scraper\outputs\dataset_raw\upside_down_heart\upside_down_heart_4f0b8868.jpg,upside down heart hand gesture human,,
1/05/2026 20:39,upside_down_heart,https://media.istockphoto.com/id/510721723/photo/girl-hand-in-upside-down-heart-form-love-blue-sky.jpg?s=612x612&w=is&k=20&c=VsS4q-nGB5k_rPGPB35NtCSaW48CrtRqRUUfMUS6Emg=,accepted,ok,C:\Users\suzuk\emblems\web_image_scraper\outputs\dataset_raw\upside_down_heart\upside_down_heart_2347829e.jpg,upside down heart hand gesture human,,
1/05/2026 20:39,upside_down_heart,https://photo-cdn2.icons8.com/485aNva6jyRtPOewmHKqVCtGoAjJ9NUDStkit_szFZ8/rs:fit:1606:1072/wm:1:re:0:0:0.65/wmid:moose/q:98/czM6Ly9pY29uczgu/bW9vc2UtcHJvZC5h/c3NldHMvYXNzZXRz/L3NhdGEvb3JpZ2lu/YWwvMTQwLzE3ZjQ2/Y2RhLTgxOTEtNDFl/NC1iMjY3LWMxODQ1/MWQ2ZjI5Yi5qcGc.jpg,accepted,ok,C:\Users\suzuk\emblems\web_image_scraper\outputs\dataset_raw\upside_down_heart\upside_down_heart_5e52553a.jpg,upside down heart hand gesture human,,
1/05/2026 20:39,upside_down_heart,https://thumbs.dreamstime.com/b/closeup-shot-hands-showing-heart-upside-down-isolated-white-background-closeup-shot-hands-showing-heart-upside-207114513.jpg,accepted,ok,C:\Users\suzuk\emblems\web_image_scraper\outputs\dataset_raw\upside_down_heart\upside_down_heart_60677887.jpg,upside down heart hand gesture human,,
1/05/2026 20:39,upside_down_heart,https://images.squarespace-cdn.com/content/v1/5fcd2b7356cd0c1ac380e429/1607523493276-295GOVKYHVOMQE3XD68T/7.+Upside+down+heart.jpg,accepted,ok,C:\Users\suzuk\emblems\web_image_scraper\outputs\dataset_raw\upside_down_heart\upside_down_heart_62f37094.jpg,upside down heart hand gesture human,,
1/05/2026 20:39,upside_down_heart,https://www.shutterstock.com/image-photo/woman-showing-heart-hands-on-260nw-1784243585.jpg,accepted,ok,C:\Users\suzuk\emblems\web_image_scraper\outputs\dataset_raw\upside_down_heart\upside_down_heart_0b37525b.jpg,upside down heart hand gesture human,FALSE,traditional-heart
1/05/2026 20:39,upside_down_heart,https://www.tiktok.com/api/img/?itemId=7626699847202000150&location=0&aid=1988,rejected,http_403,,,,
1/05/2026 20:39,upside_down_heart,https://lookaside.fbsbx.com/lookaside/crawler/media/?media_id=1004544675004382,rejected,file_too_small_388bytes,,,,
1/05/2026 20:39,upside_down_heart,https://www.shutterstock.com/image-photo/beautiful-hands-hearttoday-valentine-260nw-68353258.jpg,accepted,ok,C:\Users\suzuk\emblems\web_image_scraper\outputs\dataset_raw\upside_down_heart\upside_down_heart_54e2b0ea.jpg,upside down heart hand gesture human,,
1/05/2026 20:39,upside_down_heart,https://static01.nyt.com/images/2011/08/11/fashion/11NOTICED6/11NOTICED6-jumbo.jpg?quality=75&auto=webp&disable=upscale,rejected,duplicate,,,,
1/05/2026 20:39,upside_down_heart,https://www.shutterstock.com/image-photo/woman-making-heart-hands-260nw-29567896.jpg,accepted,ok,C:\Users\suzuk\emblems\web_image_scraper\outputs\dataset_raw\upside_down_heart\upside_down_heart_fdd060f6.jpg,inverted heart hands gesture photo,,
1/05/2026 20:39,upside_down_heart,https://thumbs.dreamstime.com/b/closeup-shot-hands-showing-heart-upside-down-isolated-white-background-closeup-shot-hands-showing-heart-upside-207114513.jpg,rejected,duplicate,,,,
1/05/2026 20:39,upside_down_heart,https://c8.alamy.com/comp/2E2FXMC/closeup-shot-of-hands-showing-a-heart-upside-down-isolated-on-a-white-background-2E2FXMC.jpg,rejected,duplicate,,,,
1/05/2026 20:39,upside_down_heart,https://photo-cdn2.icons8.com/485aNva6jyRtPOewmHKqVCtGoAjJ9NUDStkit_szFZ8/rs:fit:1606:1072/wm:1:re:0:0:0.65/wmid:moose/q:98/czM6Ly9pY29uczgu/bW9vc2UtcHJvZC5h/c3NldHMvYXNzZXRz/L3NhdGEvb3JpZ2lu/YWwvMTQwLzE3ZjQ2/Y2RhLTgxOTEtNDFl/NC1iMjY3LWMxODQ1/MWQ2ZjI5Yi5qcGc.jpg,rejected,duplicate,,,,
1/05/2026 20:39,upside_down_heart,https://previews.123rf.com/images/a3701027/a37010271408/a3701027140800441/31048242-girl-hand-in-upside-down-heart-form-love-blue-sky.jpg,rejected,duplicate,,,,
1/05/2026 20:39,upside_down_heart,https://images.squarespace-cdn.com/content/v1/5fcd2b7356cd0c1ac380e429/1607523493276-295GOVKYHVOMQE3XD68T/7.+Upside+down+heart.jpg,rejected,duplicate,,,,
1/05/2026 20:39,upside_down_heart,https://www.shutterstock.com/image-photo/woman-showing-heart-hands-on-260nw-1784243585.jpg,rejected,duplicate,,,,
1/05/2026 20:39,upside_down_heart,https://www.wikihow.com/images/thumb/2/2f/Heart-Hands-Step-16.jpg/v4-460px-Heart-Hands-Step-16.jpg,accepted,ok,C:\Users\suzuk\emblems\web_image_scraper\outputs\dataset_raw\upside_down_heart\upside_down_heart_b5b710c1.jpg,inverted heart hands gesture photo,,
1/05/2026 20:39,upside_down_heart,https://www.shutterstock.com/image-photo/beautiful-hands-hearttoday-valentine-260nw-68353258.jpg,rejected,duplicate,,,,
1/05/2026 20:39,upside_down_heart,https://www.tiktok.com/api/img/?itemId=7210819681966640430&location=0&aid=1988,rejected,http_403,,,,
1/05/2026 20:39,upside_down_heart,https://static01.nyt.com/images/2011/08/11/fashion/11NOTICED6/11NOTICED6-jumbo.jpg?quality=75&auto=webp&disable=upscale,rejected,duplicate,,,,
1/05/2026 20:39,upside_down_heart,https://i.pinimg.com/236x/56/37/f4/5637f4f4f9c860b90ec11d9679f46c57.jpg,accepted,ok,C:\Users\suzuk\emblems\web_image_scraper\outputs\dataset_raw\upside_down_heart\upside_down_heart_88509cad.jpg,reverse heart sign human hand celebrity,FALSE,traditional-heart
1/05/2026 20:39,upside_down_heart,https://static01.nyt.com/images/2011/08/11/fashion/11NOTICED1/11NOTICED1-jumbo.jpg?quality=75&auto=webp&disable=upscale,accepted,ok,C:\Users\suzuk\emblems\web_image_scraper\outputs\dataset_raw\upside_down_heart\upside_down_heart_6146aa51.jpg,reverse heart sign human hand celebrity,FALSE,traditional-heart
1/05/2026 20:39,upside_down_heart,https://i.guim.co.uk/img/media/2ae1f61fe3002a4f76d187a9219e0cefd35ce78a/0_146_3084_1850/master/3084.jpg?width=1200&height=900&quality=85&auto=format&fit=crop&s=04182b854e8ba05c8337d9832c8d9f2d,accepted,ok,C:\Users\suzuk\emblems\web_image_scraper\outputs\dataset_raw\upside_down_heart\upside_down_heart_d1b93fde.jpg,reverse heart sign human hand celebrity,FALSE,traditional-heart
1/05/2026 20:39,upside_down_heart,https://s.yimg.com/ny/api/res/1.2/QYEqI9GeOffKsIaS2Kex7w--/YXBwaWQ9aGlnaGxhbmRlcjt3PTEyNDI7aD05MzI7Y2Y9d2VicA--/https://media.zenfs.com/en/tmz_articles_672/aa969690796f908dbfdf8a9ed6fa4a33,rejected,duplicate,,,,
1/05/2026 20:39,upside_down_heart,https://www.tiktok.com/api/img/?itemId=7343680719140474154&location=0&aid=1988,rejected,http_403,,,,
1/05/2026 20:39,upside_down_heart,https://i.pinimg.com/474x/ec/c1/ae/ecc1ae645307fe91fd0aa3368eefc29e.jpg,accepted,ok,C:\Users\suzuk\emblems\web_image_scraper\outputs\dataset_raw\upside_down_heart\upside_down_heart_fd2b339a.jpg,reverse heart sign human hand celebrity,FALSE,traditional-heart
1/05/2026 20:39,upside_down_heart,https://imagez.tmz.com/image/ad/16by9/2023/02/14/ad3a49c517154a1884285cb22a053484_xl.jpg,accepted,ok,C:\Users\suzuk\emblems\web_image_scraper\outputs\dataset_raw\upside_down_heart\upside_down_heart_dcde8d8c.jpg,reverse heart sign human hand celebrity,FALSE,traditional-heart
1/05/2026 20:39,upside_down_heart,https://i.pinimg.com/236x/58/41/e5/5841e5f95782b700043c75e33910e75d.jpg,rejected,file_too_small_9923bytes,,,,
1/05/2026 20:39,upside_down_heart,https://imagez.tmz.com/image/ad/4by3/2023/02/14/ad3a49c517154a1884285cb22a053484_md.jpg,accepted,ok,C:\Users\suzuk\emblems\web_image_scraper\outputs\dataset_raw\upside_down_heart\upside_down_heart_98a1f140.jpg,reverse heart sign human hand celebrity,FALSE,traditional-heart
1/05/2026 20:39,upside_down_heart,https://www.shutterstock.com/image-photo/woman-showing-heart-hands-on-260nw-1784243585.jpg,rejected,duplicate,,,,
1/05/2026 20:39,upside_down_heart,https://lookaside.instagram.com/seo/google_widget/crawler/?media_id=3783298915559987867,rejected,corrupt_or_unreadable_cannot identify image file 'C:\\Users\\s,,,,
1/05/2026 20:39,upside_down_heart,https://thumbs.dreamstime.com/b/body-language-21215699.jpg,accepted,ok,C:\Users\suzuk\emblems\web_image_scraper\outputs\dataset_raw\upside_down_heart\upside_down_heart_a4ce7898.jpg,upside down heart sign event photo,FALSE,not-heart-gesture
1/05/2026 20:39,upside_down_heart,https://thumbs.dreamstime.com/b/upside-down-emoji-heart-red-symbol-expression-love-vector-illustration-art-upside-down-emoji-heart-red-symbol-expression-love-413483297.jpg,accepted,ok,C:\Users\suzuk\emblems\web_image_scraper\outputs\dataset_raw\upside_down_heart\upside_down_heart_997c01cf.jpg,upside down heart sign event photo,FALSE,traditional-heart
1/05/2026 20:39,upside_down_heart,https://lookaside.instagram.com/seo/google_widget/crawler/?media_id=3783298915576751048,rejected,corrupt_or_unreadable_cannot identify image file 'C:\\Users\\s,,,,
1/05/2026 20:39,upside_down_heart,https://www.shutterstock.com/image-vector/upside-down-love-logo-lines-260nw-1581410845.jpg,accepted,ok,C:\Users\suzuk\emblems\web_image_scraper\outputs\dataset_raw\upside_down_heart\upside_down_heart_6ba5b9fa.jpg,upside down heart sign event photo,FALSE,traditional-heart
1/05/2026 20:39,upside_down_heart,https://www.shutterstock.com/image-vector/upside-down-heart-icon-black-260nw-2623886049.jpg,rejected,file_too_small_6623bytes,,,,
1/05/2026 20:39,upside_down_heart,https://lookaside.instagram.com/seo/google_widget/crawler/?media_id=3783298915408971466,rejected,corrupt_or_unreadable_cannot identify image file 'C:\\Users\\s,,,,
1/05/2026 20:39,upside_down_heart,https://c8.alamy.com/comp/2CWAMRC/love-hate-logo-with-heart-symbol-upside-down-2CWAMRC.jpg,accepted,ok,C:\Users\suzuk\emblems\web_image_scraper\outputs\dataset_raw\upside_down_heart\upside_down_heart_e400a519.jpg,upside down heart sign event photo,FALSE,not-heart-gesture
1/05/2026 20:39,upside_down_heart,https://media.istockphoto.com/id/2150389695/photo/concertgoer-forms-heart-shape-with-hands-at-beachside-music-festival-crowd-enjoys-live.jpg?s=612x612&w=0&k=20&c=C-rsIFkprFJfUcKRUO7BPZwgnbP9_2uChyEO3JJT5qA=,rejected,duplicate,,,,
1/05/2026 20:39,upside_down_heart,https://c8.alamy.com/comp/2E2FXMC/closeup-shot-of-hands-showing-a-heart-upside-down-isolated-on-a-white-background-2E2FXMC.jpg,rejected,duplicate,,,,
1/05/2026 20:39,upside_down_heart,https://static.vecteezy.com/system/resources/previews/003/088/176/non_2x/girl-hand-in-upside-down-heart-form-love-blue-sky-photo.jpg,rejected,duplicate,,,,
1/05/2026 20:39,upside_down_heart,https://www.shutterstock.com/image-photo/woman-showing-heart-hands-on-260nw-1784243585.jpg,rejected,duplicate,,,,
1/05/2026 20:39,upside_down_heart,https://thumbs.dreamstime.com/b/closeup-shot-hands-showing-heart-upside-down-isolated-white-background-closeup-shot-hands-showing-heart-upside-207114513.jpg,rejected,duplicate,,,,
1/05/2026 20:39,upside_down_heart,https://photo-cdn2.icons8.com/485aNva6jyRtPOewmHKqVCtGoAjJ9NUDStkit_szFZ8/rs:fit:1606:1072/wm:1:re:0:0:0.65/wmid:moose/q:98/czM6Ly9pY29uczgu/bW9vc2UtcHJvZC5h/c3NldHMvYXNzZXRz/L3NhdGEvb3JpZ2lu/YWwvMTQwLzE3ZjQ2/Y2RhLTgxOTEtNDFl/NC1iMjY3LWMxODQ1/MWQ2ZjI5Yi5qcGc.jpg,rejected,duplicate,,,,
1/05/2026 20:39,upside_down_heart,https://www.shutterstock.com/image-photo/beautiful-hands-hearttoday-valentine-260nw-68353258.jpg,rejected,duplicate,,,,
1/05/2026 20:39,upside_down_heart,https://www.tiktok.com/api/img/?itemId=7626699847202000150&location=0&aid=1988,rejected,http_403,,,,
1/05/2026 20:39,upside_down_heart,https://thumbs.dreamstime.com/b/hand-making-heart-gesture-against-cloudy-sky-close-up-human-hand-forming-half-heart-gesture-against-cloudy-sky-398756937.jpg,accepted,ok,C:\Users\suzuk\emblems\web_image_scraper\outputs\dataset_raw\upside_down_heart\upside_down_heart_6af0f706.jpg,flipped heart gesture human hands,FALSE,traditional-heart
1/05/2026 20:39,upside_down_heart,https://www.shutterstock.com/image-photo/womens-hand-show-sign-shape-260nw-2554642289.jpg,rejected,file_too_small_9126bytes,,,,
1/05/2026 20:40,upside_down_heart,https://www.wikihow.com/images/thumb/d/d7/Heart-Hands-Step-6.jpg/v4-460px-Heart-Hands-Step-6.jpg,accepted,ok,C:\Users\suzuk\emblems\web_image_scraper\outputs\dataset_raw\upside_down_heart\upside_down_heart_c9fe78be.jpg,flipped heart gesture human hands,FALSE,not-heart-gesture
